Degree Type,Distribution,Parameters,SSE
in,gamma,"(5.020246623225621, -16.820496230268795, 361.6312621604015)",1891011670349.1147
out,lognorm,"(1.0779834928743757, 2.9810447760090115, 658.2107457922239)",9904265247690.055
total,lognorm,"(0.6933830691322601, 42.792101091436464, 2456.5105481587534)",16511371560270.293
